{
    "type": "minecraft:crafting_shapeless",
    "category": "equipment",
    "ingredients": [
        {
            "item": "minecraft:gunpowder"
        },
        {
            "item": "minecraft:gunpowder"
        },
        {
            "item": "minecraft:gunpowder"
        },
        {
            "item": "minecraft:gunpowder"
        },
        {
            "item": "minecraft:iron_ingot"
        },
        {
            "item": "minecraft:iron_ingot"
        }
    ],
    "result": {
        "id": "minecraft:command_block",
        "count": 1,
        "components": {
            "minecraft:item_name": "{\"text\":\"Minigun Canister\",\"italic\":false,\"color\":\"yellow\"}",
            "minecraft:lore": [
                "[{\"text\":\"Used in the \",\"color\":\"gray\"},{\"text\":\"Minigun\",\"color\":\"yellow\"}]"
            ],
            "minecraft:custom_model_data": 889009,
            "minecraft:custom_data": {
                "gbg_minigun_canister": 1
            }
        }
    }
}