{
    "type": "minecraft:crafting_shapeless",
    "category": "equipment",
    "ingredients": [
        {
            "item": "minecraft:gunpowder"
        },
        {
            "item": "minecraft:gunpowder"
        },
        {
            "item": "minecraft:gunpowder"
        },
        {
            "item": "minecraft:iron_ingot"
        },
        {
            "item": "minecraft:iron_ingot"
        },
        {
            "item": "minecraft:iron_ingot"
        }
    ],
    "result": {
        "id": "minecraft:command_block",
        "count": 1,
        "components": {
            "minecraft:item_name": "{\"text\":\"Rocket\",\"italic\":false,\"color\":\"yellow\"}",
            "minecraft:lore": [
                "[{\"text\":\"Used in the \",\"color\":\"gray\"},{\"text\":\"Bazooka\",\"color\":\"yellow\"}]"
            ],
            "minecraft:custom_model_data": 889007,
            "minecraft:custom_data": {
                "gbg_rocket": 1
            }
        }
    }
}