{
    "type": "minecraft:crafting_shapeless",
    "category": "equipment",
    "ingredients": [
        {
            "item": "minecraft:gunpowder"
        },
        {
            "item": "minecraft:iron_ingot"
        },
        {
            "item": "minecraft:gold_ingot"
        }
    ],
    "result": {
        "id": "minecraft:command_block",
        "count": 4,
        "components": {
            "minecraft:item_name": "{\"text\":\"Shotgun Shell\",\"italic\":false,\"color\":\"white\"}",
            "minecraft:lore": [
                "[{\"text\":\"Used in the \",\"color\":\"gray\"},{\"text\":\"Shotgun\",\"color\":\"white\"}]"
            ],
            "minecraft:custom_model_data": 889002,
            "minecraft:custom_data": {
                "gbg_shotgun_shell": 1
            }
        }
    }
}