{
    "pools": [
        {
            "rolls": 1,
            "entries": [
                {
                    "type": "minecraft:item",
                    "name": "minecraft:jigsaw",
                    "functions": [
                        {
                            "function": "minecraft:set_components",
                            "components": {
                                
                                    "minecraft:item_name": "{\"text\":\"15V Laser Battery Bundle\",\"italic\":false,\"color\":\"dark_red\"}",
                                    "minecraft:lore": [
                                        "[{\"text\":\"Used in the \",\"color\":\"gray\"},{\"text\":\"Laser Cannon\",\"color\":\"dark_red\"}]"
                                    ],
                                    "minecraft:custom_data": {
                                        "gbg_15v_laser_battery_bundle": 1
                                    }
                                
                            }
                        }
                    ]
                }
            ]
        }
    ]
}