{
    "pools": [
        {
            "rolls": 1,
            "entries": [
                {
                    "type": "minecraft:item",
                    "name": "minecraft:white_dye",
                    "functions": [
                        {
                            "function": "minecraft:set_components",
                            "components": {
                                
                                    "minecraft:item_name": "{\"text\":\"Minor Infection Cure\",\"italic\":false,\"color\":\"gold\"}",
                                    "minecraft:lore": [
                                        "[{\"text\":\"Effects: \",\"color\":\"gray\",\"italic\":false},{\"text\":\"Cures minor infection debuffs\",\"color\":\"dark_aqua\"}]",
                                        "[{\"text\":\"Can also cure nearby villagers\",\"color\":\"dark_aqua\",\"italic\":false}]",
                                        "[{\"text\":\" or animals of the zombie virus\",\"color\":\"dark_aqua\",\"italic\":false}]"
                                    ],
                                    "minecraft:custom_model_data": 889037,
                                    "minecraft:max_stack_size": 8,
                                    "minecraft:food": {
                                        "nutrition": 0,
                                        "saturation": 0,
                                        "can_always_eat": true,
                                        "eat_seconds": 1000000
                                    },
                                    "custom_data": {
                                        "gbg_is_medical_item": 1,
                                        "minor_infection_cure": 1
                                    }
                                
                            }
                        }
                    ]
                }
            ]
        }
    ]
}