{
    "pools": [
        {
            "rolls": 1,
            "entries": [
                {
                    "type": "minecraft:item",
                    "name": "minecraft:item_frame",
                    "functions": [
                        {
                            "function": "minecraft:set_components",
                            "components": {
                                
                                    "minecraft:item_name": "{\"color\":\"dark_green\",\"italic\":false,\"text\":\"Land Mine\"}",
                                    "minecraft:lore": [
                                        "[{\"color\":\"gray\",\"italic\":false,\"text\":\"Damage: \"},{\"color\":\"red\",\"italic\":false,\"text\":\"43\"}]",
                                        "{\"color\":\"dark_aqua\",\"italic\":true,\"text\":\"Explodes on Impact\"}"
                                    ],
                                    "minecraft:custom_model_data": 15101,
                                    "minecraft:custom_data": {
                                        "land_mine":1
                                    },
                                    "minecraft:entity_data": {
                                        "id": "minecraft:item_frame",
                                        "Tags":["land_mine"],
                                        "Item":{
                                            "count":1,
                                            "id":"minecraft:item_frame",
                                            "components":{
                                                "minecraft:custom_model_data":15101
                                            }
                                        },
                                        "Fixed":1,
                                        "Invisible":1,
                                        "Silent":1,
                                        "Invulnerable":1
                                    }
                                
                            }
                        }
                    ]
                }
            ]
        }
    ]
}