{
    "pools": [
        {
            "rolls": 1,
            "entries": [
                {
                    "type": "minecraft:item",
                    "name": "minecraft:item_frame",
                    "functions": [
                        {
                            "function": "minecraft:set_components",
                            "components": {
                                
                                    "minecraft:item_name": "{\"text\":\"Sentry Turret\",\"color\":\"yellow\",\"italic\":false}",
                                    "minecraft:lore": [
                                        "[{\"text\":\"HP: \",\"color\":\"gray\",\"italic\":false},{\"text\":\"40\",\"color\":\"dark_red\",\"italic\":false}]",
                                        "[{\"text\":\"Armor: \",\"color\":\"gray\",\"italic\":false},{\"text\":\"3\",\"color\":\"dark_green\",\"italic\":false}]",
                                        "[{\"text\":\"Damage: \",\"color\":\"gray\",\"italic\":false},{\"text\":\"2\",\"color\":\"red\",\"italic\":false,\"underlined\":false}]",
                                        "[{\"text\":\"Range: \",\"color\":\"gray\",\"italic\":false},{\"text\":\"18\",\"color\":\"green\",\"italic\":false}]",
                                        "[{\"text\":\"Rate of Fire: \",\"color\":\"gray\",\"italic\":false},{\"text\":\"24 ticks\",\"color\":\"yellow\",\"italic\":false}]",
                                        "[{\"text\":\"Effects: \",\"color\":\"gray\",\"italic\":false},{\"text\":\"Hides Underground\",\"color\":\"dark_aqua\",\"italic\":false}]"
                                    ],
                                    "minecraft:custom_model_data": 25009,
                                    "minecraft:max_stack_size": 4,
                                    "minecraft:entity_data": {
                                        "id": "minecraft:item_frame",
                                        "Tags": [
                                            "sentry_placer",
                                            "placer"
                                        ],
                                        "Item": {
                                            "count": 1,
                                            "id": "minecraft:item_frame",
                                            "components": {
                                                "minecraft:custom_model_data": 25009
                                            }
                                        },
                                        "Fixed": 1,
                                        "Invisible": 1,
                                        "Silent": 1,
                                        "Invulnerable": 1
                                    }
                                
                            }
                        }
                    ]
                }
            ]
        }
    ]
}