{
  "pools": [
    {
      "rolls": 1,
      "entries": [
        {
          "type": "item",
          "name": "minecraft:bundle",
          "functions": [
            {
              "function": "minecraft:set_components",
              "components": {
                "minecraft:bundle_contents": [
                  {
                    "count": 1,
                    "id": "minecraft:ender_chest"
                  },
                  {
                    "components": {
                      "minecraft:container": [
                        {
                          "item": {
                            "components": {
                              "minecraft:custom_data": {
                                "tnt": true
                              },
                              "minecraft:custom_model_data": 727,
                              "minecraft:custom_name": "{\"color\":\"red\",\"extra\":[{\"color\":\"white\",\"fallback\":\"item.minecraft.snowball\",\"translate\":\"item.minecraft.snowball\"}],\"italic\":false,\"text\":\"沉甸甸的\"}",
                              "minecraft:lore": [
                                "{\"color\":\"red\",\"fallback\":\"block.minecraft.tnt\",\"italic\":false,\"translate\":\"block.minecraft.tnt\"}"
                              ]
                            },
                            "count": 16,
                            "id": "minecraft:snowball"
                          },
                          "slot": 0
                        },
                        {
                          "item": {
                            "components": {
                              "minecraft:custom_data": {
                                "tnt": true
                              },
                              "minecraft:custom_model_data": 727,
                              "minecraft:custom_name": "{\"color\":\"red\",\"extra\":[{\"color\":\"white\",\"fallback\":\"item.minecraft.snowball\",\"translate\":\"item.minecraft.snowball\"}],\"italic\":false,\"text\":\"沉甸甸的\"}",
                              "minecraft:lore": [
                                "{\"color\":\"red\",\"fallback\":\"block.minecraft.tnt\",\"italic\":false,\"translate\":\"block.minecraft.tnt\"}"
                              ]
                            },
                            "count": 16,
                            "id": "minecraft:snowball"
                          },
                          "slot": 1
                        },
                        {
                          "item": {
                            "components": {
                              "minecraft:custom_data": {
                                "tnt": true
                              },
                              "minecraft:custom_model_data": 727,
                              "minecraft:custom_name": "{\"color\":\"red\",\"extra\":[{\"color\":\"white\",\"fallback\":\"item.minecraft.snowball\",\"translate\":\"item.minecraft.snowball\"}],\"italic\":false,\"text\":\"沉甸甸的\"}",
                              "minecraft:lore": [
                                "{\"color\":\"red\",\"fallback\":\"block.minecraft.tnt\",\"italic\":false,\"translate\":\"block.minecraft.tnt\"}"
                              ]
                            },
                            "count": 16,
                            "id": "minecraft:snowball"
                          },
                          "slot": 2
                        },
                        {
                          "item": {
                            "components": {
                              "minecraft:custom_data": {
                                "tnt": true
                              },
                              "minecraft:custom_model_data": 727,
                              "minecraft:custom_name": "{\"color\":\"red\",\"extra\":[{\"color\":\"white\",\"fallback\":\"item.minecraft.snowball\",\"translate\":\"item.minecraft.snowball\"}],\"italic\":false,\"text\":\"沉甸甸的\"}",
                              "minecraft:lore": [
                                "{\"color\":\"red\",\"fallback\":\"block.minecraft.tnt\",\"italic\":false,\"translate\":\"block.minecraft.tnt\"}"
                              ]
                            },
                            "count": 16,
                            "id": "minecraft:snowball"
                          },
                          "slot": 3
                        },
                        {
                          "item": {
                            "components": {
                              "minecraft:custom_data": {
                                "tnt": true
                              },
                              "minecraft:custom_model_data": 727,
                              "minecraft:custom_name": "{\"color\":\"red\",\"extra\":[{\"color\":\"white\",\"fallback\":\"item.minecraft.snowball\",\"translate\":\"item.minecraft.snowball\"}],\"italic\":false,\"text\":\"沉甸甸的\"}",
                              "minecraft:lore": [
                                "{\"color\":\"red\",\"fallback\":\"block.minecraft.tnt\",\"italic\":false,\"translate\":\"block.minecraft.tnt\"}"
                              ]
                            },
                            "count": 16,
                            "id": "minecraft:snowball"
                          },
                          "slot": 4
                        },
                        {
                          "item": {
                            "components": {
                              "minecraft:custom_data": {
                                "tnt": true
                              },
                              "minecraft:custom_model_data": 727,
                              "minecraft:custom_name": "{\"color\":\"red\",\"extra\":[{\"color\":\"white\",\"fallback\":\"item.minecraft.snowball\",\"translate\":\"item.minecraft.snowball\"}],\"italic\":false,\"text\":\"沉甸甸的\"}",
                              "minecraft:lore": [
                                "{\"color\":\"red\",\"fallback\":\"block.minecraft.tnt\",\"italic\":false,\"translate\":\"block.minecraft.tnt\"}"
                              ]
                            },
                            "count": 16,
                            "id": "minecraft:snowball"
                          },
                          "slot": 5
                        },
                        {
                          "item": {
                            "components": {
                              "minecraft:custom_data": {
                                "tnt": true
                              },
                              "minecraft:custom_model_data": 727,
                              "minecraft:custom_name": "{\"color\":\"red\",\"extra\":[{\"color\":\"white\",\"fallback\":\"item.minecraft.snowball\",\"translate\":\"item.minecraft.snowball\"}],\"italic\":false,\"text\":\"沉甸甸的\"}",
                              "minecraft:lore": [
                                "{\"color\":\"red\",\"fallback\":\"block.minecraft.tnt\",\"italic\":false,\"translate\":\"block.minecraft.tnt\"}"
                              ]
                            },
                            "count": 16,
                            "id": "minecraft:snowball"
                          },
                          "slot": 6
                        },
                        {
                          "item": {
                            "components": {
                              "minecraft:custom_data": {
                                "tnt": true
                              },
                              "minecraft:custom_model_data": 727,
                              "minecraft:custom_name": "{\"color\":\"red\",\"extra\":[{\"color\":\"white\",\"fallback\":\"item.minecraft.snowball\",\"translate\":\"item.minecraft.snowball\"}],\"italic\":false,\"text\":\"沉甸甸的\"}",
                              "minecraft:lore": [
                                "{\"color\":\"red\",\"fallback\":\"block.minecraft.tnt\",\"italic\":false,\"translate\":\"block.minecraft.tnt\"}"
                              ]
                            },
                            "count": 16,
                            "id": "minecraft:snowball"
                          },
                          "slot": 7
                        },
                        {
                          "item": {
                            "components": {
                              "minecraft:custom_data": {
                                "tnt": true
                              },
                              "minecraft:custom_model_data": 727,
                              "minecraft:custom_name": "{\"color\":\"red\",\"extra\":[{\"color\":\"white\",\"fallback\":\"item.minecraft.snowball\",\"translate\":\"item.minecraft.snowball\"}],\"italic\":false,\"text\":\"沉甸甸的\"}",
                              "minecraft:lore": [
                                "{\"color\":\"red\",\"fallback\":\"block.minecraft.tnt\",\"italic\":false,\"translate\":\"block.minecraft.tnt\"}"
                              ]
                            },
                            "count": 16,
                            "id": "minecraft:snowball"
                          },
                          "slot": 8
                        },
                        {
                          "item": {
                            "components": {
                              "minecraft:custom_data": {
                                "tnt": true
                              },
                              "minecraft:custom_model_data": 727,
                              "minecraft:custom_name": "{\"color\":\"red\",\"extra\":[{\"color\":\"white\",\"fallback\":\"item.minecraft.snowball\",\"translate\":\"item.minecraft.snowball\"}],\"italic\":false,\"text\":\"沉甸甸的\"}",
                              "minecraft:lore": [
                                "{\"color\":\"red\",\"fallback\":\"block.minecraft.tnt\",\"italic\":false,\"translate\":\"block.minecraft.tnt\"}"
                              ]
                            },
                            "count": 16,
                            "id": "minecraft:snowball"
                          },
                          "slot": 9
                        },
                        {
                          "item": {
                            "components": {
                              "minecraft:custom_data": {
                                "tnt": true
                              },
                              "minecraft:custom_model_data": 727,
                              "minecraft:custom_name": "{\"color\":\"red\",\"extra\":[{\"color\":\"white\",\"fallback\":\"item.minecraft.snowball\",\"translate\":\"item.minecraft.snowball\"}],\"italic\":false,\"text\":\"沉甸甸的\"}",
                              "minecraft:lore": [
                                "{\"color\":\"red\",\"fallback\":\"block.minecraft.tnt\",\"italic\":false,\"translate\":\"block.minecraft.tnt\"}"
                              ]
                            },
                            "count": 16,
                            "id": "minecraft:snowball"
                          },
                          "slot": 10
                        },
                        {
                          "item": {
                            "components": {
                              "minecraft:custom_data": {
                                "tnt": true
                              },
                              "minecraft:custom_model_data": 727,
                              "minecraft:custom_name": "{\"color\":\"red\",\"extra\":[{\"color\":\"white\",\"fallback\":\"item.minecraft.snowball\",\"translate\":\"item.minecraft.snowball\"}],\"italic\":false,\"text\":\"沉甸甸的\"}",
                              "minecraft:lore": [
                                "{\"color\":\"red\",\"fallback\":\"block.minecraft.tnt\",\"italic\":false,\"translate\":\"block.minecraft.tnt\"}"
                              ]
                            },
                            "count": 16,
                            "id": "minecraft:snowball"
                          },
                          "slot": 11
                        },
                        {
                          "item": {
                            "components": {
                              "minecraft:custom_data": {
                                "tnt": true
                              },
                              "minecraft:custom_model_data": 727,
                              "minecraft:custom_name": "{\"color\":\"red\",\"extra\":[{\"color\":\"white\",\"fallback\":\"item.minecraft.snowball\",\"translate\":\"item.minecraft.snowball\"}],\"italic\":false,\"text\":\"沉甸甸的\"}",
                              "minecraft:lore": [
                                "{\"color\":\"red\",\"fallback\":\"block.minecraft.tnt\",\"italic\":false,\"translate\":\"block.minecraft.tnt\"}"
                              ]
                            },
                            "count": 16,
                            "id": "minecraft:snowball"
                          },
                          "slot": 12
                        },
                        {
                          "item": {
                            "components": {
                              "minecraft:custom_data": {
                                "tnt": true
                              },
                              "minecraft:custom_model_data": 727,
                              "minecraft:custom_name": "{\"color\":\"red\",\"extra\":[{\"color\":\"white\",\"fallback\":\"item.minecraft.snowball\",\"translate\":\"item.minecraft.snowball\"}],\"italic\":false,\"text\":\"沉甸甸的\"}",
                              "minecraft:lore": [
                                "{\"color\":\"red\",\"fallback\":\"block.minecraft.tnt\",\"italic\":false,\"translate\":\"block.minecraft.tnt\"}"
                              ]
                            },
                            "count": 16,
                            "id": "minecraft:snowball"
                          },
                          "slot": 13
                        },
                        {
                          "item": {
                            "components": {
                              "minecraft:custom_data": {
                                "tnt": true
                              },
                              "minecraft:custom_model_data": 727,
                              "minecraft:custom_name": "{\"color\":\"red\",\"extra\":[{\"color\":\"white\",\"fallback\":\"item.minecraft.snowball\",\"translate\":\"item.minecraft.snowball\"}],\"italic\":false,\"text\":\"沉甸甸的\"}",
                              "minecraft:lore": [
                                "{\"color\":\"red\",\"fallback\":\"block.minecraft.tnt\",\"italic\":false,\"translate\":\"block.minecraft.tnt\"}"
                              ]
                            },
                            "count": 16,
                            "id": "minecraft:snowball"
                          },
                          "slot": 14
                        },
                        {
                          "item": {
                            "components": {
                              "minecraft:custom_data": {
                                "tnt": true
                              },
                              "minecraft:custom_model_data": 727,
                              "minecraft:custom_name": "{\"color\":\"red\",\"extra\":[{\"color\":\"white\",\"fallback\":\"item.minecraft.snowball\",\"translate\":\"item.minecraft.snowball\"}],\"italic\":false,\"text\":\"沉甸甸的\"}",
                              "minecraft:lore": [
                                "{\"color\":\"red\",\"fallback\":\"block.minecraft.tnt\",\"italic\":false,\"translate\":\"block.minecraft.tnt\"}"
                              ]
                            },
                            "count": 16,
                            "id": "minecraft:snowball"
                          },
                          "slot": 15
                        },
                        {
                          "item": {
                            "components": {
                              "minecraft:custom_data": {
                                "tnt": true
                              },
                              "minecraft:custom_model_data": 727,
                              "minecraft:custom_name": "{\"color\":\"red\",\"extra\":[{\"color\":\"white\",\"fallback\":\"item.minecraft.snowball\",\"translate\":\"item.minecraft.snowball\"}],\"italic\":false,\"text\":\"沉甸甸的\"}",
                              "minecraft:lore": [
                                "{\"color\":\"red\",\"fallback\":\"block.minecraft.tnt\",\"italic\":false,\"translate\":\"block.minecraft.tnt\"}"
                              ]
                            },
                            "count": 16,
                            "id": "minecraft:snowball"
                          },
                          "slot": 16
                        },
                        {
                          "item": {
                            "components": {
                              "minecraft:custom_data": {
                                "tnt": true
                              },
                              "minecraft:custom_model_data": 727,
                              "minecraft:custom_name": "{\"color\":\"red\",\"extra\":[{\"color\":\"white\",\"fallback\":\"item.minecraft.snowball\",\"translate\":\"item.minecraft.snowball\"}],\"italic\":false,\"text\":\"沉甸甸的\"}",
                              "minecraft:lore": [
                                "{\"color\":\"red\",\"fallback\":\"block.minecraft.tnt\",\"italic\":false,\"translate\":\"block.minecraft.tnt\"}"
                              ]
                            },
                            "count": 16,
                            "id": "minecraft:snowball"
                          },
                          "slot": 17
                        },
                        {
                          "item": {
                            "components": {
                              "minecraft:custom_data": {
                                "tnt": true
                              },
                              "minecraft:custom_model_data": 727,
                              "minecraft:custom_name": "{\"color\":\"red\",\"extra\":[{\"color\":\"white\",\"fallback\":\"item.minecraft.snowball\",\"translate\":\"item.minecraft.snowball\"}],\"italic\":false,\"text\":\"沉甸甸的\"}",
                              "minecraft:lore": [
                                "{\"color\":\"red\",\"fallback\":\"block.minecraft.tnt\",\"italic\":false,\"translate\":\"block.minecraft.tnt\"}"
                              ]
                            },
                            "count": 16,
                            "id": "minecraft:snowball"
                          },
                          "slot": 18
                        },
                        {
                          "item": {
                            "components": {
                              "minecraft:custom_data": {
                                "tnt": true
                              },
                              "minecraft:custom_model_data": 727,
                              "minecraft:custom_name": "{\"color\":\"red\",\"extra\":[{\"color\":\"white\",\"fallback\":\"item.minecraft.snowball\",\"translate\":\"item.minecraft.snowball\"}],\"italic\":false,\"text\":\"沉甸甸的\"}",
                              "minecraft:lore": [
                                "{\"color\":\"red\",\"fallback\":\"block.minecraft.tnt\",\"italic\":false,\"translate\":\"block.minecraft.tnt\"}"
                              ]
                            },
                            "count": 16,
                            "id": "minecraft:snowball"
                          },
                          "slot": 19
                        },
                        {
                          "item": {
                            "components": {
                              "minecraft:custom_data": {
                                "tnt": true
                              },
                              "minecraft:custom_model_data": 727,
                              "minecraft:custom_name": "{\"color\":\"red\",\"extra\":[{\"color\":\"white\",\"fallback\":\"item.minecraft.snowball\",\"translate\":\"item.minecraft.snowball\"}],\"italic\":false,\"text\":\"沉甸甸的\"}",
                              "minecraft:lore": [
                                "{\"color\":\"red\",\"fallback\":\"block.minecraft.tnt\",\"italic\":false,\"translate\":\"block.minecraft.tnt\"}"
                              ]
                            },
                            "count": 16,
                            "id": "minecraft:snowball"
                          },
                          "slot": 20
                        },
                        {
                          "item": {
                            "components": {
                              "minecraft:custom_data": {
                                "tnt": true
                              },
                              "minecraft:custom_model_data": 727,
                              "minecraft:custom_name": "{\"color\":\"red\",\"extra\":[{\"color\":\"white\",\"fallback\":\"item.minecraft.snowball\",\"translate\":\"item.minecraft.snowball\"}],\"italic\":false,\"text\":\"沉甸甸的\"}",
                              "minecraft:lore": [
                                "{\"color\":\"red\",\"fallback\":\"block.minecraft.tnt\",\"italic\":false,\"translate\":\"block.minecraft.tnt\"}"
                              ]
                            },
                            "count": 16,
                            "id": "minecraft:snowball"
                          },
                          "slot": 21
                        },
                        {
                          "item": {
                            "components": {
                              "minecraft:custom_data": {
                                "tnt": true
                              },
                              "minecraft:custom_model_data": 727,
                              "minecraft:custom_name": "{\"color\":\"red\",\"extra\":[{\"color\":\"white\",\"fallback\":\"item.minecraft.snowball\",\"translate\":\"item.minecraft.snowball\"}],\"italic\":false,\"text\":\"沉甸甸的\"}",
                              "minecraft:lore": [
                                "{\"color\":\"red\",\"fallback\":\"block.minecraft.tnt\",\"italic\":false,\"translate\":\"block.minecraft.tnt\"}"
                              ]
                            },
                            "count": 16,
                            "id": "minecraft:snowball"
                          },
                          "slot": 22
                        },
                        {
                          "item": {
                            "components": {
                              "minecraft:custom_data": {
                                "tnt": true
                              },
                              "minecraft:custom_model_data": 727,
                              "minecraft:custom_name": "{\"color\":\"red\",\"extra\":[{\"color\":\"white\",\"fallback\":\"item.minecraft.snowball\",\"translate\":\"item.minecraft.snowball\"}],\"italic\":false,\"text\":\"沉甸甸的\"}",
                              "minecraft:lore": [
                                "{\"color\":\"red\",\"fallback\":\"block.minecraft.tnt\",\"italic\":false,\"translate\":\"block.minecraft.tnt\"}"
                              ]
                            },
                            "count": 16,
                            "id": "minecraft:snowball"
                          },
                          "slot": 23
                        },
                        {
                          "item": {
                            "components": {
                              "minecraft:custom_data": {
                                "tnt": true
                              },
                              "minecraft:custom_model_data": 727,
                              "minecraft:custom_name": "{\"color\":\"red\",\"extra\":[{\"color\":\"white\",\"fallback\":\"item.minecraft.snowball\",\"translate\":\"item.minecraft.snowball\"}],\"italic\":false,\"text\":\"沉甸甸的\"}",
                              "minecraft:lore": [
                                "{\"color\":\"red\",\"fallback\":\"block.minecraft.tnt\",\"italic\":false,\"translate\":\"block.minecraft.tnt\"}"
                              ]
                            },
                            "count": 16,
                            "id": "minecraft:snowball"
                          },
                          "slot": 24
                        },
                        {
                          "item": {
                            "components": {
                              "minecraft:custom_data": {
                                "tnt": true
                              },
                              "minecraft:custom_model_data": 727,
                              "minecraft:custom_name": "{\"color\":\"red\",\"extra\":[{\"color\":\"white\",\"fallback\":\"item.minecraft.snowball\",\"translate\":\"item.minecraft.snowball\"}],\"italic\":false,\"text\":\"沉甸甸的\"}",
                              "minecraft:lore": [
                                "{\"color\":\"red\",\"fallback\":\"block.minecraft.tnt\",\"italic\":false,\"translate\":\"block.minecraft.tnt\"}"
                              ]
                            },
                            "count": 16,
                            "id": "minecraft:snowball"
                          },
                          "slot": 25
                        },
                        {
                          "item": {
                            "components": {
                              "minecraft:custom_data": {
                                "tnt": true
                              },
                              "minecraft:custom_model_data": 727,
                              "minecraft:custom_name": "{\"color\":\"red\",\"extra\":[{\"color\":\"white\",\"fallback\":\"item.minecraft.snowball\",\"translate\":\"item.minecraft.snowball\"}],\"italic\":false,\"text\":\"沉甸甸的\"}",
                              "minecraft:lore": [
                                "{\"color\":\"red\",\"fallback\":\"block.minecraft.tnt\",\"italic\":false,\"translate\":\"block.minecraft.tnt\"}"
                              ]
                            },
                            "count": 16,
                            "id": "minecraft:snowball"
                          },
                          "slot": 26
                        }
                      ]
                    },
                    "count": 1,
                    "id": "minecraft:chest"
                  },
                  {
                    "count": 1,
                    "id": "minecraft:debug_stick"
                  },
                  {
                    "components": {
                      "minecraft:bundle_contents": [
                        {
                          "count": 1,
                          "id": "minecraft:barrier"
                        },
                        {
                          "count": 1,
                          "id": "minecraft:structure_void"
                        },
                        {
                          "count": 1,
                          "id": "minecraft:structure_block"
                        },
                        {
                          "count": 1,
                          "id": "minecraft:jigsaw"
                        },
                        {
                          "count": 1,
                          "id": "minecraft:chain_command_block"
                        },
                        {
                          "count": 1,
                          "id": "minecraft:repeating_command_block"
                        },
                        {
                          "count": 1,
                          "id": "minecraft:command_block"
                        }
                      ]
                    },
                    "count": 1,
                    "id": "minecraft:bundle"
                  },
                  {
                    "components": {
                      "minecraft:enchantments": {
                        "levels": {
                          "minecraft:aqua_affinity": 255,
                          "minecraft:bane_of_arthropods": 255,
                          "minecraft:binding_curse": 255,
                          "minecraft:blast_protection": 255,
                          "minecraft:breach": 255,
                          "minecraft:channeling": 255,
                          "minecraft:density": 255,
                          "minecraft:depth_strider": 255,
                          "minecraft:efficiency": 255,
                          "minecraft:feather_falling": 255,
                          "minecraft:fire_aspect": 255,
                          "minecraft:fire_protection": 255,
                          "minecraft:flame": 255,
                          "minecraft:fortune": 255,
                          "minecraft:frost_walker": 255,
                          "minecraft:impaling": 255,
                          "minecraft:infinity": 255,
                          "minecraft:knockback": 255,
                          "minecraft:looting": 255,
                          "minecraft:loyalty": 255,
                          "minecraft:luck_of_the_sea": 255,
                          "minecraft:lure": 255,
                          "minecraft:mending": 255,
                          "minecraft:multishot": 255,
                          "minecraft:piercing": 255,
                          "minecraft:power": 255,
                          "minecraft:projectile_protection": 255,
                          "minecraft:protection": 255,
                          "minecraft:punch": 255,
                          "minecraft:quick_charge": 255,
                          "minecraft:respiration": 255,
                          "minecraft:riptide": 255,
                          "minecraft:sharpness": 255,
                          "minecraft:silk_touch": 255,
                          "minecraft:smite": 255,
                          "minecraft:soul_speed": 255,
                          "minecraft:sweeping_edge": 255,
                          "minecraft:swift_sneak": 255,
                          "minecraft:thorns": 255,
                          "minecraft:unbreaking": 255,
                          "minecraft:vanishing_curse": 255,
                          "minecraft:wind_burst": 255
                        }
                      },
                      "minecraft:unbreakable": {}
                    },
                    "count": 1,
                    "id": "minecraft:end_rod"
                  },
                  {
                    "components": {
                      "minecraft:bundle_contents": [
                        {
                          "components": {
                            "minecraft:block_state": {
                              "level": "15"
                            }
                          },
                          "count": 1,
                          "id": "minecraft:light"
                        },
                        {
                          "components": {
                            "minecraft:block_state": {
                              "level": "14"
                            }
                          },
                          "count": 1,
                          "id": "minecraft:light"
                        },
                        {
                          "components": {
                            "minecraft:block_state": {
                              "level": "13"
                            }
                          },
                          "count": 1,
                          "id": "minecraft:light"
                        },
                        {
                          "components": {
                            "minecraft:block_state": {
                              "level": "12"
                            }
                          },
                          "count": 1,
                          "id": "minecraft:light"
                        },
                        {
                          "components": {
                            "minecraft:block_state": {
                              "level": "11"
                            }
                          },
                          "count": 1,
                          "id": "minecraft:light"
                        },
                        {
                          "components": {
                            "minecraft:block_state": {
                              "level": "10"
                            }
                          },
                          "count": 1,
                          "id": "minecraft:light"
                        },
                        {
                          "components": {
                            "minecraft:block_state": {
                              "level": "9"
                            }
                          },
                          "count": 1,
                          "id": "minecraft:light"
                        },
                        {
                          "components": {
                            "minecraft:block_state": {
                              "level": "8"
                            }
                          },
                          "count": 1,
                          "id": "minecraft:light"
                        },
                        {
                          "components": {
                            "minecraft:block_state": {
                              "level": "7"
                            }
                          },
                          "count": 1,
                          "id": "minecraft:light"
                        },
                        {
                          "components": {
                            "minecraft:block_state": {
                              "level": "6"
                            }
                          },
                          "count": 1,
                          "id": "minecraft:light"
                        },
                        {
                          "components": {
                            "minecraft:block_state": {
                              "level": "5"
                            }
                          },
                          "count": 1,
                          "id": "minecraft:light"
                        },
                        {
                          "components": {
                            "minecraft:block_state": {
                              "level": "4"
                            }
                          },
                          "count": 1,
                          "id": "minecraft:light"
                        },
                        {
                          "components": {
                            "minecraft:block_state": {
                              "level": "3"
                            }
                          },
                          "count": 1,
                          "id": "minecraft:light"
                        },
                        {
                          "components": {
                            "minecraft:block_state": {
                              "level": "2"
                            }
                          },
                          "count": 1,
                          "id": "minecraft:light"
                        },
                        {
                          "components": {
                            "minecraft:block_state": {
                              "level": "1"
                            }
                          },
                          "count": 1,
                          "id": "minecraft:light"
                        },
                        {
                          "components": {
                            "minecraft:block_state": {
                              "level": "0"
                            }
                          },
                          "count": 1,
                          "id": "minecraft:light"
                        }
                      ]
                    },
                    "count": 1,
                    "id": "minecraft:bundle"
                  },
                  {
                    "components": {
                      "minecraft:bundle_contents": [
                        {
                          "count": 1,
                          "id": "minecraft:tnt"
                        },
                        {
                          "count": 1,
                          "id": "minecraft:bow"
                        },
                        {
                          "components": {
                            "minecraft:potion_contents": {
                              "potion": "minecraft:luck"
                            }
                          },
                          "count": 1,
                          "id": "minecraft:tipped_arrow"
                        },
                        {
                          "count": 1,
                          "id": "minecraft:snowball"
                        },
                        {
                          "components": {
                            "minecraft:entity_data": {
                              "ExplosionRadius": 30,
                              "Fuse": 0,
                              "PersistenceRequired": 1,
                              "id": "minecraft:creeper"
                            }
                          },
                          "count": 1,
                          "id": "minecraft:creeper_spawn_egg"
                        },
                        {
                          "count": 1,
                          "id": "minecraft:flint_and_steel"
                        }
                      ]
                    },
                    "count": 1,
                    "id": "minecraft:bundle"
                  },
                  {
                    "components": {
                      "minecraft:bundle_contents": [
                        {
                          "components": {
                            "minecraft:block_entity_data": {
                              "Command": "setblock ~ ~ ~ minecraft:nether_portal[axis=x]",
                              "auto": true,
                              "id": "minecraft:command_block"
                            },
                            "minecraft:custom_name": "{\"extra\":[\"(x)\"],\"italic\":false,\"translate\":\"block.minecraft.nether_portal\"}"
                          },
                          "count": 1,
                          "id": "minecraft:command_block"
                        },
                        {
                          "components": {
                            "minecraft:block_entity_data": {
                              "Command": "setblock ~ ~ ~ minecraft:nether_portal[axis=z]",
                              "auto": true,
                              "id": "minecraft:command_block"
                            },
                            "minecraft:custom_name": "{\"extra\":[\"(z)\"],\"italic\":false,\"translate\":\"block.minecraft.nether_portal\"}"
                          },
                          "count": 1,
                          "id": "minecraft:command_block"
                        },
                        {
                          "components": {
                            "minecraft:block_entity_data": {
                              "Command": "setblock ~ ~ ~ minecraft:end_portal",
                              "auto": true,
                              "id": "minecraft:command_block"
                            },
                            "minecraft:custom_name": "{\"italic\":false,\"translate\":\"block.minecraft.end_portal\"}"
                          },
                          "count": 1,
                          "id": "minecraft:command_block"
                        },
                        {
                          "count": 127,
                          "id": "minecraft:wither_spawn_egg"
                        }
                      ]
                    },
                    "count": 1,
                    "id": "minecraft:bundle"
                  }
                ]
              }
            }
          ]
        }
      ]
    }
  ]
}