{
  "pools": [
    {
      "rolls": 1,
      "entries": [
        {
          "type": "item",
          "name": "minecraft:piston",
          "functions": [
            {
              "function": "minecraft:set_components",
              "components": {
                "minecraft:block_state": {
                  "extended": "true"
                },
                "minecraft:custom_model_data": 17,
                "minecraft:custom_name": "{\"color\":\"red\",\"extra\":[{\"translate\":\"block.minecraft.piston\"}],\"italic\":false,\"text\":\"无头\"}",
                "minecraft:lore": [
                  "{\"color\":\"red\",\"extra\":[{\"color\":\"yellow\",\"text\":\"块\"},{\"color\":\"green\",\"text\":\"毁\"},{\"color\":\"blue\",\"text\":\"灭\"},{\"color\":\"light_purple\",\"text\":\"者\"}],\"italic\":false,\"text\":\"方\"}"
                ]
              }
            }
          ]
        }
      ]
    }
  ]
}