{
  "pools": [
    {
      "rolls": 1,
      "entries": [
        {
          "type": "item",
          "name": "minecraft:firework_rocket",
          "functions": [
            {
              "function": "minecraft:set_components",
              "components": {
                "minecraft:custom_data": {
                  "lead": true
                },
                "minecraft:custom_model_data": 7696,
                "minecraft:fireworks": {
                  "flight_duration": 3
                },
                "minecraft:lore": [
                  "{\"color\":\"gray\",\"italic\":false,\"translate\":\"item.minecraft.lead\"}"
                ]
              }
            }
          ]
        }
      ]
    }
  ]
}