{
  "pools": [
    {
      "rolls": 1,
      "entries": [
        {
          "type": "item",
          "name": "minecraft:written_book",
          "functions": [
            {
              "function": "minecraft:set_components",
              "components": {
                "minecraft:written_book_content": {
                  "author": "NullSu",
                  "pages": [
                    {
                      "raw": "{\"color\":\"black\",\"extra\":[{\"bold\":true,\"extra\":[{\"clickEvent\":{\"action\":\"run_command\",\"value\":\"/setblock ~ ~ ~ minecraft:command_block{Command:'summon minecraft:armor_stand ~ ~ ~ {Tags:[\\\"cm.title\\\"],\\\"Invulnerable\\\":1b,\\\"Invisible\\\":1b,\\\"Marker\\\":1b,\\\"NoGravity\\\":1b,\\\"CustomNameVisible\\\":1b,\\\"CustomName\\\":\\\\' <标题:原始JSON文本> \\\\'}'}\"},\"text\":\"添加标题\"},\" \",{\"clickEvent\":{\"action\":\"change_page\",\"value\":\"3\"},\"text\":\"删除最近标题\"},\" \",{\"clickEvent\":{\"action\":\"run_command\",\"value\":\"/execute at Coping_player run tp @s ~ ~2 ~ ~ ~\"},\"text\":\"找腐竹\"},\" \",{\"clickEvent\":{\"action\":\"change_page\",\"value\":\"4\"},\"text\":\"时间流动\"},\" \",{\"clickEvent\":{\"action\":\"change_page\",\"value\":\"5\"},\"text\":\"掉落物\"}],\"text\":\"原版指令\\n \"},\"\\n\",{\"bold\":true,\"color\":\"light_purple\",\"extra\":[{\"clickEvent\":{\"action\":\"run_command\",\"value\":\"/loot give @s loot cm:get/stone_lucky_block\"},\"text\":\"赌石幸运方块\"},\" \",{\"clickEvent\":{\"action\":\"run_command\",\"value\":\"/loot give @s loot cm:get/stone_lucky_block_key\"},\"text\":\"钥匙\"},\" \",{\"clickEvent\":{\"action\":\"run_command\",\"value\":\"/loot give @s loot cm:get/tnt_snowball\"},\"text\":\"TNT雪球\"},\" \",{\"clickEvent\":{\"action\":\"run_command\",\"value\":\"/loot give @s loot cm:get/headless_piston\"},\"text\":\"无头活塞\"},\" \",{\"clickEvent\":{\"action\":\"run_command\",\"value\":\"/loot give @s loot cm:get/enchanted_24k_pure_golden_apple\"},\"text\":\"附魔24K纯金金苹果\"},\" \",{\"clickEvent\":{\"action\":\"run_command\",\"value\":\"/loot give @s loot cm:get/lead_firework\"},\"text\":\"拴绳烟花\"},\" \",{\"clickEvent\":{\"action\":\"run_command\",\"value\":\"/loot give @s loot cm:get/my_head\"},\"text\":\"自己的头\"},\" \",{\"clickEvent\":{\"action\":\"run_command\",\"value\":\"/loot give @s loot cm:get/bundle\"},\"text\":\"OP收纳袋\"},\" \"],\"text\":\"获得物品\\n \"},\"\\n\",{\"bold\":true,\"color\":\"red\",\"extra\":[{\"clickEvent\":{\"action\":\"run_command\",\"value\":\"/execute as <封禁对象:选择器> run function ban:ban with storage ban:r.<封禁原因>\"},\"text\":\"封禁\"},\" \",{\"clickEvent\":{\"action\":\"run_command\",\"value\":\"/execute as <封禁对象:选择器> run function ban:unban\"},\"text\":\"解封\"},\" \",{\"clickEvent\":{\"action\":\"run_command\",\"value\":\"/execute as <封禁对象:选择器> run function ban:setend {d: <天数:32bit> ,h: <小时数:32bit> }\"},\"text\":\"设置时间\"},\" \",{\"clickEvent\":{\"action\":\"run_command\",\"value\":\"/execute as <凌迟对象:选择器> run function ban:dmg/start\"},\"text\":\"凌迟开始\"},\" \",{\"clickEvent\":{\"action\":\"run_command\",\"value\":\"/execute as <凌迟对象:选择器> run function ban:dmg/end\"},\"text\":\"结束\"},\" \",{\"clickEvent\":{\"action\":\"run_command\",\"value\":\"/function report:get_report_history\"},\"text\":\"查看举报历史\"},\" \",{\"clickEvent\":{\"action\":\"change_page\",\"value\":\"6\"},\"text\":\"清除举报历史\"},\" \"],\"text\":\"封禁\\n \"}],\"text\":\"\"}"
                    },
                    {
                      "raw": "\"\""
                    },
                    {
                      "raw": "{\"bold\":true,\"color\":\"red\",\"extra\":[{\"clickEvent\":{\"action\":\"run_command\",\"value\":\"/data merge entity @e[tag=cm.title,sort=nearest,limit=1,distance=..5] {Invisible:0b,Marker:0b}\"},\"italic\":true,\"text\":\"是\"},\" \",{\"clickEvent\":{\"action\":\"change_page\",\"value\":\"1\"},\"color\":\"green\",\"text\":\"否\"},\" \",{\"clickEvent\":{\"action\":\"run_command\",\"value\":\"/data merge entity @e[tag=cm.title,sort=nearest,limit=1,distance=..5] {Invisible:1b,Marker:1b}\"},\"color\":\"yellow\",\"text\":\"恢复\"}],\"text\":\"确认删除?\\n\"}"
                    },
                    {
                      "raw": "{\"bold\":true,\"color\":\"dark_purple\",\"extra\":[{\"clickEvent\":{\"action\":\"run_command\",\"value\":\"/tick freeze\"},\"color\":\"red\",\"text\":\"冻结\"},\" \",{\"clickEvent\":{\"action\":\"run_command\",\"value\":\"/tick unfreeze\"},\"color\":\"green\",\"text\":\"还原\"},\"\\n\",{\"clickEvent\":{\"action\":\"run_command\",\"value\":\"/tick rate 5\"},\"color\":\"light_purple\",\"text\":\"5gt/s\"},\" \",{\"clickEvent\":{\"action\":\"run_command\",\"value\":\"/tick rate 10\"},\"color\":\"light_purple\",\"text\":\"10gt/s\"},\" \",{\"clickEvent\":{\"action\":\"run_command\",\"value\":\"/tick rate 20\"},\"color\":\"light_purple\",\"text\":\"20gt/s(默认)\"},\" \",{\"clickEvent\":{\"action\":\"run_command\",\"value\":\"/tick rate 30\"},\"color\":\"light_purple\",\"text\":\"30gt/s\"},\" \",{\"clickEvent\":{\"action\":\"run_command\",\"value\":\"/tick rate 40\"},\"color\":\"light_purple\",\"text\":\"40gt/s\"},\" \",{\"clickEvent\":{\"action\":\"run_command\",\"value\":\"/tick rate 50\"},\"color\":\"light_purple\",\"text\":\"50gt/s\"},\"\\n\",{\"clickEvent\":{\"action\":\"run_command\",\"value\":\"/time set day\"},\"color\":\"dark_gray\",\"text\":\"早晨1000\"},\" \",{\"clickEvent\":{\"action\":\"run_command\",\"value\":\"/time set noon\"},\"color\":\"dark_gray\",\"text\":\"中午6000\"},\" \",{\"clickEvent\":{\"action\":\"run_command\",\"value\":\"/time set night\"},\"color\":\"dark_gray\",\"text\":\"夜晚13000\"},\" \",{\"clickEvent\":{\"action\":\"run_command\",\"value\":\"/time set midnight\"},\"color\":\"dark_gray\",\"text\":\"深夜18000\"},\"\\n\",{\"clickEvent\":{\"action\":\"change_page\",\"value\":\"1\"},\"color\":\"green\",\"text\":\"返回\"}],\"text\":\"时间流动\\n\"}"
                    },
                    {
                      "raw": "{\"bold\":true,\"color\":\"dark_gray\",\"extra\":[{\"clickEvent\":{\"action\":\"run_command\",\"value\":\"/function cm:rp4800t/clear_item\"},\"color\":\"red\",\"italic\":true,\"text\":\"清理\"},\" \",{\"clickEvent\":{\"action\":\"run_command\",\"value\":\"/execute as @e[type=minecraft:item] run data merge entity @s {Glowing:1b}\"},\"color\":\"gold\",\"text\":\"高亮\"},\" \",{\"clickEvent\":{\"action\":\"run_command\",\"value\":\"/execute as @e[type=minecraft:item] run data merge entity @s {Glowing:0b}\"},\"color\":\"gray\",\"text\":\"取消高亮\"},\"\\n\",{\"clickEvent\":{\"action\":\"change_page\",\"value\":\"1\"},\"color\":\"green\",\"text\":\"返回\"},\" \"],\"text\":\"掉落物\\n\"}"
                    },
                    {
                      "raw": "{\"bold\":true,\"color\":\"red\",\"extra\":[{\"clickEvent\":{\"action\":\"run_command\",\"value\":\"/function report:clear_report_history\"},\"italic\":true,\"text\":\"是\"},\" \",{\"clickEvent\":{\"action\":\"change_page\",\"value\":\"1\"},\"color\":\"green\",\"text\":\"否\"},\" \"],\"text\":\"确认清除历史?\\n\"}"
                    }
                  ],
                  "resolved": true,
                  "title": {
                    "raw": "服务器OP指令书"
                  }
                }
              }
            }
          ]
        }
      ]
    }
  ]
}