{
  "pools": [
    {
      "rolls": 1,
      "entries": [
        {
          "type": "item",
          "name": "minecraft:stick",
          "functions": [
            {
              "function": "minecraft:set_components",
              "components": {
                "minecraft:custom_data": {
                  "stone_lucky_block_key": true
                },
                "minecraft:custom_name": "{\"color\":\"yellow\",\"italic\":false,\"text\":\"赌石钥匙\"}",
                "minecraft:lore": [
                  "{\"italic\":false,\"text\":\"温馨提示:拒绝赌博,从你我做起\"}",
                  "{\"italic\":false,\"text\":\"所以每天只有10个钥匙哦\"}",
                  "{\"italic\":false,\"text\":\"如果你不想赌也可以当木棍用哦\"}"
                ],
                "minecraft:max_stack_size": 10
              }
            }
          ]
        }
      ]
    }
    ]
}