{
  "pools": [
    {
      "rolls": 1,
      "entries": [
        {
          "type": "item",
          "name": "minecraft:snowball",
          "functions": [
            {
              "function": "minecraft:set_components",
              "components": {
                "minecraft:custom_data": {
                  "tnt": true
                },
                "minecraft:custom_model_data": 727,
                "minecraft:custom_name": "{\"color\":\"red\",\"extra\":[{\"color\":\"white\",\"translate\":\"item.minecraft.snowball\"}],\"italic\":false,\"text\":\"沉甸甸的\"}",
                "minecraft:lore": [
                  "{\"color\":\"red\",\"italic\":false,\"translate\":\"block.minecraft.tnt\"}"
                ]
              }
            }
          ]
        }
      ]
    }
  ]
}