{
    "type": "minecraft:crafting_shapeless",
    "category": "equipment",
    "group": "gbg:15v_laser_battery",
    "ingredients": [
        {
            "item": "minecraft:copper_ingot"
        },
        {
            "item": "minecraft:copper_block"
        },
        {
            "item": "minecraft:copper_ingot"
        },
        {
            "item": "minecraft:redstone"
        },
        {
            "item": "minecraft:redstone_block"
        },
        {
            "item": "minecraft:redstone"
        },
        {
            "item": "minecraft:iron_ingot"
        },
        {
            "item": "minecraft:iron_block"
        },
        {
            "item": "minecraft:iron_ingot"
        }
    ],
    "result": {
        "id": "minecraft:chain_command_block",
        "count": 1,
        "components": {
            "minecraft:item_name": "{\"text\":\"15V Laser Battery\",\"italic\":false,\"color\":\"red\"}",
            "minecraft:lore": [
                "[{\"text\":\"Used in the \",\"color\":\"gray\"},{\"text\":\"Laser Rifle\",\"color\":\"red\"},{\"text\":\" and \",\"color\":\"gray\"},{\"text\":\"Assault Laser Rifle\",\"color\":\"red\"}]"
            ],
            "minecraft:custom_data": {
                "gbg_15v_laser_battery": 1
            }
        }
    }
}