{
    "type": "minecraft:crafting_shapeless",
    "category": "food",
    "ingredients": [
        {
            "item": "minecraft:repeating_command_block"
        },
        {
            "item": "minecraft:golden_apple"
        },
        {
            "item": "minecraft:golden_apple"
        },
        {
            "item": "minecraft:golden_apple"
        }
    ],
    "result": {
        "id": "minecraft:white_dye",
        "count": 1,
        "components": {
            "minecraft:item_name": "{\"text\":\"Absorption Syringe\",\"italic\":false,\"color\":\"yellow\"}",
            "minecraft:lore": [
                "[{\"text\":\"Effects: \",\"color\":\"gray\",\"italic\":false},{\"text\":\"8 Absorption Hearts; 8 min\",\"color\":\"dark_aqua\"}]"
            ],
            "minecraft:custom_model_data": 889033,
            "minecraft:max_stack_size": 8,
            "minecraft:food": {
                "nutrition": 0,
                "saturation": 0,
                "can_always_eat": true,
                "eat_seconds": 1000000
            },
            "custom_data": {
                "gbg_is_medical_item": 1,
                "absorption_syringe": 1
            }
        }
    }
}