{
    "type": "minecraft:crafting_shapeless",
    "category": "food",
    "ingredients": [
        {
            "item": "minecraft:white_wool"
        },
        {
            "item": "minecraft:white_wool"
        },
        {
            "item": "minecraft:white_wool"
        },
        {
            "item": "minecraft:iron_ingot"
        },
        {
            "item": "minecraft:paper"
        },
        {
            "item": "minecraft:paper"
        },
        {
            "item": "minecraft:stick"
        },
        {
            "item": "minecraft:stick"
        },
        {
            "item": "minecraft:stick"
        }
    ],
    "result": {
        "id": "minecraft:white_dye",
        "count": 1,
        "components": {
            "minecraft:item_name": "{\"text\":\"Advanced Bandage\",\"italic\":false,\"color\":\"white\"}",
            "minecraft:lore": [
                "[{\"text\":\"Effects: \",\"color\":\"gray\",\"italic\":false},{\"text\":\"Regeneration 2; 10 sec\",\"color\":\"dark_aqua\"}]"
            ],
            "minecraft:custom_model_data": 889030,
            "minecraft:max_stack_size": 8,
            "minecraft:food": {
                "nutrition": 0,
                "saturation": 0,
                "can_always_eat": true,
                "eat_seconds": 1000000
            },
            "custom_data": {
                "gbg_is_medical_item": 1,
                "adv_bandage": 1
            }
        }
    }
}