{
    "type": "minecraft:crafting_shapeless",
    "category": "food",
    "ingredients": [
        {
            "item": "minecraft:jigsaw"
        },
        {
            "item": "minecraft:iron_ingot"
        },
        {
            "item": "minecraft:iron_ingot"
        },
        {
            "item": "minecraft:iron_ingot"
        },
        {
            "item": "minecraft:redstone"
        },
        {
            "item": "minecraft:redstone"
        },
        {
            "item": "minecraft:redstone"
        }
    ],
    "result": {
        "id": "minecraft:white_dye",
        "count": 1,
        "components": {
            "minecraft:item_name": "{\"text\":\"Laser Shield\",\"italic\":false,\"color\":\"red\"}",
            "minecraft:lore": [
                "[{\"text\":\"Effects: \",\"color\":\"gray\",\"italic\":false},{\"text\":\"Health Boost 5; 20 min\",\"color\":\"dark_aqua\"}]"
            ],
            "minecraft:custom_model_data": 889039,
            "minecraft:max_stack_size": 1,
            "minecraft:food": {
                "nutrition": 0,
                "saturation": 0,
                "can_always_eat": true,
                "eat_seconds": 1000000
            },
            "custom_data": {
                "gbg_is_medical_item": 1,
                "laser_shield": 1
            }
        }
    }
}