{
    "type": "minecraft:crafting_shapeless",
    "category": "food",
    "ingredients": [
        {
            "item": "minecraft:white_wool"
        },
        {
            "item": "minecraft:red_wool"
        },
        {
            "item": "minecraft:paper"
        },
        {
            "item": "minecraft:leather"
        },
        {
            "item": "minecraft:stick"
        },
        {
            "item": "minecraft:milk_bucket"
        }
    ],
    "result": {
        "id": "minecraft:white_dye",
        "count": 1,
        "components": {
            "minecraft:item_name": "{\"text\":\"Medkit\",\"italic\":false,\"color\":\"red\"}",
            "minecraft:lore": [
                "[{\"text\":\"Effects: \",\"color\":\"gray\",\"italic\":false},{\"text\":\"Regen 2; 5 sec\",\"color\":\"dark_aqua\"},{\"text\":\"Clears all Negative Effects\",\"color\":\"dark_aqua\"}]"
            ],
            "minecraft:custom_model_data": 889031,
            "minecraft:max_stack_size": 8,
            "minecraft:food": {
                "nutrition": 0,
                "saturation": 0,
                "can_always_eat": true,
                "eat_seconds": 1000000
            },
            "custom_data": {
                "gbg_is_medical_item": 1,
                "medkit": 1
            }
        }
    }
}