{
    "type": "minecraft:crafting_shapeless",
    "ingredients": [
        {
            "item": "minecraft:iron_ingot"
        },
        {
            "item": "minecraft:spider_eye"
        },
        {
            "item": "minecraft:slime_ball"
        }
    ],
    "result": {
        "id": "minecraft:black_dye",
        "count": 1,
        "components": {
            "minecraft:item_name": "{\"text\":\"Chemical Grenade\",\"italic\":false}",
            "minecraft:lore": [
                "[{\"text\":\"Damage: \",\"color\":\"gray\",\"italic\":false},{\"text\":\"0\",\"color\":\"red\",\"italic\":false,\"underlined\":false}]",
                "[{\"text\":\"Effects: \",\"color\":\"gray\",\"italic\":false},{\"text\":\"Wither, Slowness,\",\"color\":\"dark_aqua\",\"italic\":false}]"
            ],
            "minecraft:custom_model_data": 19003,
            "minecraft:custom_data": {
                "gbg_throwable": 1,
                "chemical_grenade": 1
            },
            "minecraft:max_stack_size": 16,
            "minecraft:food": {
                "nutrition": 0,
                "saturation": 0,
                "can_always_eat": true,
                "eat_seconds": 1000000
            }
        }
    }
}