{
    "type": "minecraft:crafting_shapeless",
    "ingredients": [
        {
            "item": "minecraft:copper_ingot"
        },
        {
            "item": "minecraft:copper_ingot"
        },
        {
            "item": "minecraft:copper_ingot"
        },
        {
            "item": "minecraft:copper_ingot"
        },
        {
            "item": "minecraft:copper_ingot"
        },
        {
            "item": "minecraft:copper_ingot"
        },
        {
            "item": "minecraft:gunpowder"
        },
        {
            "item": "minecraft:gunpowder"
        },
        {
            "item": "minecraft:gunpowder"
        }
    ],
    "result": {
        "id": "minecraft:black_dye",
        "count": 1,
        "components": {
            "minecraft:item_name": "{\"text\":\"Grenade\",\"italic\":false}",
            "minecraft:lore": [
                "[{\"text\":\"Damage: \",\"color\":\"gray\",\"italic\":false},{\"text\":\"49\",\"color\":\"red\",\"italic\":false,\"underlined\":false}]"
            ],
            "minecraft:custom_model_data": 19002,
            "minecraft:custom_data": {
                "gbg_throwable": 1,
                "grenade": 1
            },
            "minecraft:max_stack_size": 16,
            "minecraft:food": {
                "nutrition": 0,
                "saturation": 0,
                "can_always_eat": true,
                "eat_seconds": 1000000
            }
        }
    }
}