{
    "pools": [
        {
            "rolls": 1,
            "entries": [
                {
                    "type": "minecraft:item",
                    "name": "minecraft:command_block",
                    "functions": [
                        {
                            "function": "minecraft:set_components",
                            "components": {
                                "minecraft:item_name": "{\"text\":\"Minigun Canister\",\"italic\":false,\"color\":\"yellow\"}",
                                "minecraft:lore": [
                                    "[{\"text\":\"Used in the \",\"color\":\"gray\"},{\"text\":\"Minigun\",\"color\":\"yellow\"}]"
                                ],
                                "minecraft:custom_model_data": 889009,
                                "minecraft:custom_data": {
                                    "gbg_minigun_canister": 1
                                }
                            }
                        }
                    ]
                }
            ]
        }
    ]
}