{
    "type": "minecraft:crafting_shaped",
    "category": "equipment",
    "pattern": [
        " P ",
        "CTC",
        "IRI"
    ],
    "key": {
        "I": {
            "item": "minecraft:iron_ingot"
        },
        "R": {
            "item": "minecraft:redstone_block"
        },
        "C": {
            "item": "minecraft:green_concrete"
        },
        "T": {
            "item": "minecraft:tnt"
        },
        "P": {
            "item": "minecraft:heavy_weighted_pressure_plate"
        }
    },
    "result": {
        "id": "minecraft:item_frame",
        "components": {
            "minecraft:item_name": "{\"color\":\"dark_green\",\"italic\":false,\"text\":\"Land Mine\"}",
            "minecraft:lore": [
                "[{\"color\":\"gray\",\"italic\":false,\"text\":\"Damage: \"},{\"color\":\"red\",\"italic\":false,\"text\":\"43\"}]",
                "{\"color\":\"dark_aqua\",\"italic\":true,\"text\":\"Explodes on Impact\"}"
            ],
            "minecraft:custom_model_data": 15101,
            "minecraft:custom_data": {
                "land_mine":1
            },
            "minecraft:entity_data": {
                "id": "minecraft:item_frame",
                "Tags":["land_mine"],
                "Item":{
                    "count":1,
                    "id":"minecraft:item_frame",
                    "components":{
                        "minecraft:custom_model_data":15101
                    }
                },
                "Fixed":1,
                "Invisible":1,
                "Silent":1,
                "Invulnerable":1
            }
        }
    }
}