{
  "type": "minecraft:crafting_shaped",
  "category": "equipment",
  "pattern": [
      "AAA",
      "ABA",
      "AAA"
  ],
  "key": {
      "A": {
          "item": "minecraft:gold_block"
      },
      "B": {
          "item": "minecraft:enchanted_golden_apple"
      }
  },
  "result": {
    "components": {
      "minecraft:attribute_modifiers": {
        "modifiers": [
          {
            "amount": -100,
            "name": "poison!",
            "operation": "add_multiplied_base",
            "slot": "hand",
            "type": "minecraft:generic.max_health",
            "uuid": [
                288287771,
                2014136149,
                -1678988360,
                1441593192
            ]
          }
        ],
        "show_in_tooltip": false
      },
      "minecraft:custom_name": "{\"color\":\"red\",\"italic\":false,\"text\":\"附魔24K纯金金苹果\"}",
      "minecraft:enchantments": {
        "levels": {
          "minecraft:sharpness": 127
        }
      },
      "minecraft:food": {
        "can_always_eat": true,
        "effects": [
          {
            "effect": {
              "amplifier": 15,
              "duration": -1,
              "id": "minecraft:instant_damage",
              "show_icon": true
            }
          }
        ],
        "nutrition": 0,
        "saturation": 0
      },
      "minecraft:max_stack_size": 1,
      "minecraft:tool": {
      "damage_per_block": 0,
      "default_mining_speed": 10000,
      "rules": []
      },
      "minecraft:unbreakable": {}
    },
    "count": 1,
    "id": "minecraft:enchanted_golden_apple"
  }    
}