{
  "type": "minecraft:crafting_shapeless",
  "category": "equipment",
  "ingredients": [
      {
          "item": "minecraft:piston"
      },
      {
          "item": "minecraft:tnt"
      }
  ],
  "result": {
    "count": 1,
    "components":{
      "block_state": {
        "extended":"true"
      },
      "custom_model_data": 17,
      "minecraft:custom_name": "[{\"color\":\"red\",\"text\":\"无头\",\"italic\":false},{\"translate\":\"block.minecraft.piston\"}]",
      "minecraft:lore": [
        "[{\"italic\":false,\"color\":\"red\",\"text\":\"方\"},{\"color\":\"yellow\",\"text\":\"块\"},{\"color\":\"green\",\"text\":\"毁\"},{\"color\":\"blue\",\"text\":\"灭\"},{\"color\":\"light_purple\",\"text\":\"者\"}]"
      ]
    },
    "id": "minecraft:piston"
  }
}