{
    "type": "minecraft:crafting_shapeless",
    "category": "equipment",
    "ingredients": [
        {
            "item": "minecraft:stick"
        },
        {
            "item": "minecraft:stick"
        },
        {
            "item": "minecraft:stick"
        },
        {
            "item": "minecraft:stick"
        },
        {
            "item": "minecraft:stick"
        }
    ],
    "result": {
      "components": {
        "minecraft:custom_name": "{\"fallback\":\"服务器新配方指南\",\"italic\":false,\"translate\":\"item.cm.kgjavagame.server_item_book\"}",
        "minecraft:max_stack_size": 99,
        "minecraft:written_book_content": {
          "author": "NullSu",
          "pages": [
            {
              "raw": "{\"bold\":true,\"color\":\"green\",\"extra\":[{\"bold\":true,\"clickEvent\":{\"action\":\"change_page\",\"value\":\"2\"},\"extra\":[{\"color\":\"#AAAA33\",\"hoverEvent\":{\"action\":\"show_item\",\"contents\":{\"components\":{\"minecraft:custom_name\":\"{\\\"color\\\":\\\"yellow\\\",\\\"italic\\\":false,\\\"text\\\":\\\"赌石幸运方块\\\"}\",\"minecraft:lore\":[\"{\\\"italic\\\":false,\\\"text\\\":\\\"温馨提示:拒绝赌博,从你我做起\\\"}\",\"{\\\"italic\\\":false,\\\"text\\\":\\\"所以每天只有10个钥匙哦\\\"}\",\"{\\\"italic\\\":false,\\\"text\\\":\\\"手持钥匙站在上面即可开启!\\\"}\"],\"minecraft:profile\":{\"properties\":[{\"name\":\"textures\",\"value\":\"eyJ0ZXh0dXJlcyI6eyJTS0lOIjp7InVybCI6Imh0dHA6Ly90ZXh0dXJlcy5taW5lY3JhZnQubmV0L3RleHR1cmUvYWEzOGEzOTBhZWUzZjNkMzI3MGIwOTAyNDQ2NTMyZjhhZDlkMzlmNzRhOWZiMzFlNTA5ZDQ2YmMyYWY2ZTE1YyJ9fX0=\"}]}},\"count\":1,\"id\":\"minecraft:player_head\"}},\"text\":\"赌石幸运方块\"}],\"text\":\"  1.\"},\"\\n\",{\"bold\":true,\"clickEvent\":{\"action\":\"change_page\",\"value\":\"3\"},\"extra\":[{\"color\":\"red\",\"extra\":[{\"color\":\"black\",\"translate\":\"item.minecraft.snowball\"}],\"hoverEvent\":{\"action\":\"show_item\",\"contents\":{\"components\":{\"minecraft:custom_data\":{\"tnt\":1},\"minecraft:custom_model_data\":727,\"minecraft:custom_name\":\"{\\\"color\\\":\\\"red\\\",\\\"extra\\\":[{\\\"color\\\":\\\"white\\\",\\\"translate\\\":\\\"item.minecraft.snowball\\\"}],\\\"italic\\\":false,\\\"text\\\":\\\"沉甸甸的\\\"}\",\"minecraft:lore\":[\"{\\\"color\\\":\\\"red\\\",\\\"italic\\\":false,\\\"translate\\\":\\\"block.minecraft.tnt\\\"}\"]},\"count\":1,\"id\":\"minecraft:snowball\"}},\"text\":\"沉甸甸的\"}],\"text\":\"  2.\"},\"\\n\",{\"bold\":true,\"clickEvent\":{\"action\":\"change_page\",\"value\":\"4\"},\"extra\":[{\"extra\":[{\"translate\":\"item.minecraft.lead\"},\"的\",{\"translate\":\"item.minecraft.firework_rocket\"}],\"hoverEvent\":{\"action\":\"show_item\",\"contents\":{\"components\":{\"minecraft:custom_data\":{\"lead\":\"1b\"},\"minecraft:custom_model_data\":7696,\"minecraft:lore\":[\"{\\\"color\\\":\\\"gray\\\",\\\"italic\\\":false,\\\"translate\\\":\\\"item.minecraft.lead\\\"}\"]},\"count\":1,\"id\":\"minecraft:firework_rocket\"}},\"text\":\"带有\"}],\"text\":\"  3.\"},\"\\n\",{\"bold\":true,\"clickEvent\":{\"action\":\"change_page\",\"value\":\"5\"},\"extra\":[{\"color\":\"red\",\"extra\":[{\"translate\":\"block.minecraft.piston\"}],\"hoverEvent\":{\"action\":\"show_item\",\"contents\":{\"components\":{\"minecraft:block_state\":{\"extended\":\"true\"},\"minecraft:custom_model_data\":17,\"minecraft:custom_name\":\"{\\\"color\\\":\\\"red\\\",\\\"extra\\\":[{\\\"translate\\\":\\\"block.minecraft.piston\\\"}],\\\"italic\\\":false,\\\"text\\\":\\\"无头\\\"}\",\"minecraft:lore\":[\"{\\\"color\\\":\\\"red\\\",\\\"extra\\\":[{\\\"color\\\":\\\"yellow\\\",\\\"text\\\":\\\"块\\\"},{\\\"color\\\":\\\"green\\\",\\\"text\\\":\\\"毁\\\"},{\\\"color\\\":\\\"blue\\\",\\\"text\\\":\\\"灭\\\"},{\\\"color\\\":\\\"light_purple\\\",\\\"text\\\":\\\"者\\\"}],\\\"italic\\\":false,\\\"text\\\":\\\"方\\\"}\"]},\"count\":1,\"id\":\"minecraft:piston\"}},\"text\":\"无头\"}],\"text\":\"  4.\"},\"\\n\",\"你可以直接用木棍合成这本书\"],\"text\":\"目录\\n\"}"
            },
            {
              "raw": "{\"bold\":true,\"extra\":[{\"color\":\"#AAAA33\",\"hoverEvent\":{\"action\":\"show_item\",\"contents\":{\"components\":{\"minecraft:custom_name\":\"{\\\"color\\\":\\\"yellow\\\",\\\"italic\\\":false,\\\"text\\\":\\\"赌石幸运方块\\\"}\",\"minecraft:lore\":[\"{\\\"italic\\\":false,\\\"text\\\":\\\"温馨提示:拒绝赌博,从你我做起\\\"}\",\"{\\\"italic\\\":false,\\\"text\\\":\\\"所以每天只有10个钥匙哦\\\"}\",\"{\\\"italic\\\":false,\\\"text\\\":\\\"手持钥匙站在上面即可开启!\\\"}\"],\"minecraft:profile\":{\"properties\":[{\"name\":\"textures\",\"value\":\"eyJ0ZXh0dXJlcyI6eyJTS0lOIjp7InVybCI6Imh0dHA6Ly90ZXh0dXJlcy5taW5lY3JhZnQubmV0L3RleHR1cmUvYWEzOGEzOTBhZWUzZjNkMzI3MGIwOTAyNDQ2NTMyZjhhZDlkMzlmNzRhOWZiMzFlNTA5ZDQ2YmMyYWY2ZTE1YyJ9fX0=\"}]}},\"count\":1,\"id\":\"minecraft:player_head\"}},\"text\":\"赌石幸运方块\"},\"\\n\\n\",{\"bold\":true,\"color\":\"blue\",\"extra\":[{\"bold\":false,\"extra\":[\" |\",{\"translate\":\"item.minecraft.iron_ingot\"},\" |\",{\"translate\":\"item.minecraft.gold_ingot\"},\"\\n|\",{\"translate\":\"item.minecraft.lapis_lazuli\"},\" |\",{\"translate\":\"block.minecraft.stone\"},\" |\",{\"translate\":\"item.minecraft.emerald\"},\"\\n|\",{\"translate\":\"item.minecraft.redstone\"},\" |\",{\"translate\":\"item.minecraft.diamond\"},\" |\",{\"translate\":\"item.minecraft.copper_ingot\"}],\"translate\":\"item.minecraft.coal\"}],\"text\":\"合成表(无序)\\n\"},\"\\n\\n\",{\"bold\":true,\"color\":\"light_purple\",\"extra\":[{\"bold\":false,\"text\":\"手持钥匙站在上面开启,开启后在合成所需矿物中平均概率抽奖8次\"}],\"text\":\"功能:\"}],\"text\":\"1.\"}"
            },
            {
              "raw": "{\"bold\":true,\"extra\":[{\"color\":\"red\",\"extra\":[{\"color\":\"black\",\"translate\":\"item.minecraft.snowball\"}],\"hoverEvent\":{\"action\":\"show_item\",\"contents\":{\"components\":{\"minecraft:custom_data\":{\"tnt\":1},\"minecraft:custom_model_data\":727,\"minecraft:custom_name\":\"{\\\"color\\\":\\\"red\\\",\\\"extra\\\":[{\\\"color\\\":\\\"white\\\",\\\"translate\\\":\\\"item.minecraft.snowball\\\"}],\\\"italic\\\":false,\\\"text\\\":\\\"沉甸甸的\\\"}\",\"minecraft:lore\":[\"{\\\"color\\\":\\\"red\\\",\\\"italic\\\":false,\\\"translate\\\":\\\"block.minecraft.tnt\\\"}\"]},\"count\":1,\"id\":\"minecraft:snowball\"}},\"text\":\"沉甸甸的\"},\"\\n\\n\",{\"bold\":true,\"color\":\"blue\",\"extra\":[{\"bold\":false,\"extra\":[\"+\",{\"translate\":\"block.minecraft.tnt\"}],\"translate\":\"item.minecraft.snowball\"}],\"text\":\"合成表(无序)\\n\"},\"\\n\\n\",{\"bold\":true,\"color\":\"light_purple\",\"extra\":[{\"bold\":false,\"text\":\"扔出后每1gt生成一个瞬间爆炸的TNT和闪电,其伤害对扔出者也有效,同时雪球会更快地下落\"}],\"text\":\"功能:\"}],\"text\":\"2.\"}"
            },
            {
              "raw": "{\"bold\":true,\"extra\":[{\"extra\":[{\"translate\":\"item.minecraft.lead\"},\"的\",{\"translate\":\"item.minecraft.firework_rocket\"}],\"hoverEvent\":{\"action\":\"show_item\",\"contents\":{\"components\":{\"minecraft:custom_data\":{\"lead\":\"1b\"},\"minecraft:custom_model_data\":7696,\"minecraft:lore\":[\"{\\\"color\\\":\\\"gray\\\",\\\"italic\\\":false,\\\"translate\\\":\\\"item.minecraft.lead\\\"}\"]},\"count\":1,\"id\":\"minecraft:firework_rocket\"}},\"text\":\"带有\"},\"\\n\\n\",{\"bold\":false,\"color\":\"blue\",\"extra\":[{\"bold\":true,\"text\":\"锻造配方(有序)\\n\"},{\"extra\":[{\"translate\":\"item.minecraft.quartz\"}],\"text\":\"锻造模版:\"},\"\\n\",{\"extra\":[{\"translate\":\"item.minecraft.firework_rocket\"}],\"text\":\"锻造物品:\"},\"\\n\",{\"extra\":[{\"translate\":\"item.minecraft.lead\"}],\"text\":\"锻造材料:\"},\"\\n\"],\"text\":\"\"},\"\\n\\n\",{\"bold\":true,\"color\":\"light_purple\",\"extra\":[{\"bold\":false,\"extra\":[{\"clickEvent\":{\"action\":\"change_page\",\"value\":\"8\"},\"text\":\"#cm:lead_firework_take\",\"underlined\":true},\"将其用拴绳拴在\",{\"translate\":\"entity.minecraft.firework_rocket\"},\"上,并使此\",{\"translate\":\"entity.minecraft.firework_rocket\"},{\"bold\":true,\"text\":\"不再使用拴绳\"}],\"text\":\"使用后每5gt寻找一次半径6格以内的\"}],\"text\":\"功能:\"}],\"text\":\"3.\"}"
            },
            {
              "raw": "{\"bold\":true,\"extra\":[{\"color\":\"red\",\"extra\":[{\"translate\":\"block.minecraft.piston\"}],\"hoverEvent\":{\"action\":\"show_item\",\"contents\":{\"components\":{\"minecraft:block_state\":{\"extended\":\"true\"},\"minecraft:custom_model_data\":17,\"minecraft:custom_name\":\"{\\\"color\\\":\\\"red\\\",\\\"extra\\\":[{\\\"translate\\\":\\\"block.minecraft.piston\\\"}],\\\"italic\\\":false,\\\"text\\\":\\\"无头\\\"}\",\"minecraft:lore\":[\"{\\\"color\\\":\\\"red\\\",\\\"extra\\\":[{\\\"color\\\":\\\"yellow\\\",\\\"text\\\":\\\"块\\\"},{\\\"color\\\":\\\"green\\\",\\\"text\\\":\\\"毁\\\"},{\\\"color\\\":\\\"blue\\\",\\\"text\\\":\\\"灭\\\"},{\\\"color\\\":\\\"light_purple\\\",\\\"text\\\":\\\"者\\\"}],\\\"italic\\\":false,\\\"text\\\":\\\"方\\\"}\"]},\"count\":1,\"id\":\"minecraft:piston\"}},\"text\":\"无头\"},\"\\n\\n\",{\"bold\":true,\"color\":\"blue\",\"extra\":[{\"bold\":false,\"extra\":[\"+\",{\"translate\":\"block.minecraft.tnt\"}],\"translate\":\"block.minecraft.piston\"}],\"text\":\"合成表(无序)\\n\"},\"\\n\\n\",{\"bold\":true,\"color\":\"light_purple\",\"extra\":[{\"bold\":false,\"text\":\"放置后卡掉活塞头前面的方块,并恢复为正常活塞\"}],\"text\":\"功能:\"}],\"text\":\"4.\"}"
            },
            {
              "raw": "\"\""
            },
            {
              "raw": "\"\""
            },
            {
              "raw": "{\"bold\":true,\"extra\":[{\"bold\":false,\"extra\":[\", \",{\"translate\":\"entity.minecraft.skeleton\"},\", \",{\"translate\":\"entity.minecraft.creeper\"},\", \",{\"translate\":\"entity.minecraft.enderman\"},\", \",{\"translate\":\"entity.minecraft.drowned\"},\", \",{\"translate\":\"entity.minecraft.husk\"},\", \",{\"translate\":\"entity.minecraft.wither_skeleton\"},\", \",{\"translate\":\"entity.minecraft.witch\"},\", \",{\"translate\":\"entity.minecraft.stray\"},\", \",{\"translate\":\"entity.minecraft.blaze\"},\", \",{\"translate\":\"entity.minecraft.spider\"},\", \",{\"translate\":\"entity.minecraft.cave_spider\"},\", \",{\"translate\":\"entity.minecraft.silverfish\"},\", \",{\"translate\":\"entity.minecraft.zombified_piglin\"},\", \",{\"translate\":\"entity.minecraft.zoglin\"},\", \",{\"translate\":\"entity.minecraft.hoglin\"},\", \",{\"translate\":\"entity.minecraft.zombie_villager\"},\", \",{\"translate\":\"entity.minecraft.piglin\"},\", \",{\"translate\":\"entity.minecraft.piglin_brute\"},\", \",{\"translate\":\"entity.minecraft.pillager\"},\", \",{\"translate\":\"entity.minecraft.ravager\"},\", \",{\"translate\":\"entity.minecraft.warden\"},\", \",{\"translate\":\"entity.minecraft.vindicator\"}],\"translate\":\"entity.minecraft.zombie\"}],\"text\":\"附录 - #cm:lead_firework_take\\n\"}"
            }
          ],
          "title": {
            "raw": "服务器新配方指南"
          }
        }
      },
      "count": 1,
      "id": "minecraft:written_book"
    }
  }