{
    "type": "minecraft:crafting_shapeless",
    "category": "equipment",
    "ingredients": [
        {
            "item": "minecraft:snowball"
        },
        {
            "item": "minecraft:tnt"
        }
    ],
    "result": {
      "count": 1,
      "components":{
        "minecraft:custom_data": {
          "tnt": true
        },
        "minecraft:custom_name": "[{\"color\":\"red\",\"text\":\"沉甸甸的\",\"italic\":false},{\"color\":\"white\",\"translate\":\"item.minecraft.snowball\"}]",
        "minecraft:lore": [
          "{\"color\":red,\"italic\":false,\"translate\":\"block.minecraft.tnt\"}"
        ],
        "minecraft:custom_model_data": 727
      },
      "id": "minecraft:snowball"
    }
  }