{
    "type": "minecraft:overworld",
    "generator": {
        "type": "flat",
        "settings": {
            "layers": [
                {
                    "height": 1,
                    "block": "minecraft:bedrock"
                },
                {
                    "height": 2,
                    "block": "minecraft:dirt"
                },
                {
                    "height": 1,
                    "block": "minecraft:grass_block"
                }
            ],
            "structure_overrides": [
                "minecraft:strongholds",
                "minecraft:villages"
            ]
        }
    }
}