{
    "pools": [
        {
            "rolls": 1,
            "entries": [
                {
                    "type": "minecraft:item",
                    "name": "minecraft:carrot_on_a_stick",
                    "functions": [
                        {
                            "function": "minecraft:set_components",
                            "components": {
                                
                                    "minecraft:custom_name": "{\"text\":\"Laser Rifle\",\"color\":\"red\",\"italic\":false}",
                                    "minecraft:lore": [
                                        "[{\"text\":\"Press \",\"color\":\"red\",\"italic\":false},{\"keybind\":\"key.swapOffhand\",\"color\":\"dark_red\",\"italic\":false},{\"text\":\" to reload\",\"color\":\"red\",\"italic\":false}]",
                                        "[{\"keybind\":\"key.use\",\"color\":\"dark_red\",\"italic\":false},{\"text\":\" to shoot\",\"color\":\"red\",\"italic\":false}]"
                                    ],
                                    "minecraft:custom_model_data": 889023,
                                    "minecraft:damage": 200,
                                    "minecraft:max_damage": 200,
                                    "minecraft:max_stack_size": 1,
                                    "minecraft:custom_data": {
                                        "gbg_is_gun": 1,
                                        "gbg_current_ammo": 0,
                                        "gbg_max_ammo": 4,
                                        "gbg_damage": 27,
                                        "gbg_range": 90,
                                        "gbg_fire_rate": 30,
                                        "gbg_reload_speed": 35,
                                        "gbg_projectile_type": 5,
                                        "gbg_damage_type": 5,
                                        "gbg_recoil_strength": 2,
                                        "gbg_ammo_base": "chain_command_block",
                                        "gbg_ammo_item_tag": "gbg_15v_laser_battery",
                                        "gbg_zoom_strength": 9,
                                        "gun_reload_type": 1,
                                        "gbg_shoot_sound": "minecraft:laser_rifle_fire",
                                        "gbg_reload_sound": "minecraft:laser_pistol_reload"
                                    }
                                
                            }
                        }
                    ]
                }
            ]
        }
    ]
}