{
    "pools": [
        {
            "rolls": 1,
            "entries": [
                {
                    "type": "minecraft:item",
                    "name": "minecraft:carrot_on_a_stick",
                    "functions": [
                        {
                            "function": "minecraft:set_components",
                            "components": {
                                
                                    "minecraft:custom_name": "{\"text\":\"Pistol\",\"color\":\"white\",\"italic\":false}",
                                    "minecraft:lore": [
                                        "[{\"text\":\"Press \",\"color\":\"red\",\"italic\":false},{\"keybind\":\"key.swapOffhand\",\"color\":\"dark_red\",\"italic\":false},{\"text\":\" to reload\",\"color\":\"red\",\"italic\":false}]",
                                        "[{\"keybind\":\"key.use\",\"color\":\"dark_red\",\"italic\":false},{\"text\":\" to shoot\",\"color\":\"red\",\"italic\":false}]"
                                    ],
                                    "minecraft:custom_model_data": 889001,
                                    "minecraft:damage": 200,
                                    "minecraft:max_damage": 200,
                                    "minecraft:max_stack_size": 1,
                                    "minecraft:custom_data": {
                                        "gbg_is_gun": 1,
                                        "gbg_current_ammo": 0,
                                        "gbg_max_ammo": 16,
                                        "gbg_damage": 7,
                                        "gbg_range": 50,
                                        "gbg_fire_rate": 10,
                                        "gbg_reload_speed": 50,
                                        "gbg_projectile_type": 1,
                                        "gbg_damage_type": 1,
                                        "gbg_recoil_strength": 1,
                                        "gbg_ammo_base": "command_block",
                                        "gbg_ammo_item_tag": "gbg_pistol_magazine",
                                        "gbg_zoom_strength": 4,
                                        "gun_reload_type": 1,
                                        "gbg_shoot_sound": "minecraft:pistol_fire",
                                        "gbg_reload_sound": "minecraft:pistol_reload"
                                    
                                }
                            }
                        }
                    ]
                }
            ]
        }
    ]
}