{
    "type": "minecraft:crafting_shaped",
    "category": "equipment",
    "pattern": [
        "VCV",
        " ZX"
    ],
    "key": {
        "Z": {
            "item": "minecraft:iron_nugget"
        },
        "X": {
            "item": "minecraft:iron_ingot"
        },
        "C": {
            "item": "minecraft:green_concrete"
        },
        "V": {
            "item": "minecraft:iron_block"
        }
    },
    "result": {
        "id": "minecraft:carrot_on_a_stick",
        "count": 1,
        "components": {
            "minecraft:custom_name": "{\"text\":\"Bazooka\",\"color\":\"yellow\",\"italic\":false}",
            "minecraft:lore": [
                "[{\"text\":\"Press \",\"color\":\"red\",\"italic\":false},{\"keybind\":\"key.swapOffhand\",\"color\":\"dark_red\",\"italic\":false},{\"text\":\" to reload\",\"color\":\"red\",\"italic\":false}]",
                "[{\"keybind\":\"key.use\",\"color\":\"dark_red\",\"italic\":false},{\"text\":\" to shoot\",\"color\":\"red\",\"italic\":false}]"
            ],
            "minecraft:custom_model_data": 889009,
            "minecraft:damage": 200,
            "minecraft:max_damage": 200,
            "minecraft:max_stack_size": 1,
            "minecraft:custom_data": {
                "gbg_is_gun": 1,
                "gbg_current_ammo": 0,
                "gbg_max_ammo": 1,
                "gbg_damage": 3,
                "gbg_range": 100,
                "gbg_fire_rate": 10,
                "gbg_reload_speed": 70,
                "gbg_projectile_type": 2,
                "gbg_damage_type": 2,
                "gbg_recoil_strength": 3,
                "gbg_ammo_base": "command_block",
                "gbg_ammo_item_tag": "gbg_rocket",
                "gbg_zoom_strength": 5,
                "gun_reload_type": 1,
                "gbg_shoot_sound": "minecraft:bazooka_fire",
                "gbg_reload_sound": "minecraft:laser_cannon_reload"
            }
        }
    }
}