{
    "type": "minecraft:crafting_shaped",
    "category": "equipment",
    "pattern": [
        "XX#",
        " X#",
        "  #"
    ],
    "key": {
        "#": {
            "item": "minecraft:light_gray_concrete"
        },
        "X": {
            "item": "minecraft:iron_ingot"
        }
    },
    "result": {
        "id": "minecraft:carrot_on_a_stick",
        "count": 1,
        "components": {
            "minecraft:custom_name": "{\"text\":\"Sniper Rifle\",\"color\":\"white\",\"italic\":false}",
            "minecraft:lore": [
                "[{\"text\":\"Press \",\"color\":\"red\",\"italic\":false},{\"keybind\":\"key.swapOffhand\",\"color\":\"dark_red\",\"italic\":false},{\"text\":\" to reload\",\"color\":\"red\",\"italic\":false}]",
                "[{\"keybind\":\"key.use\",\"color\":\"dark_red\",\"italic\":false},{\"text\":\" to shoot\",\"color\":\"red\",\"italic\":false}]"
            ],
            "minecraft:custom_model_data": 889005,
            "minecraft:damage": 200,
            "minecraft:max_damage": 200,
            "minecraft:max_stack_size": 1,
            "minecraft:custom_data": {
                "gbg_is_gun": 1,
                "gbg_current_ammo": 0,
                "gbg_max_ammo": 4,
                "gbg_damage": 21,
                "gbg_range": 110,
                "gbg_fire_rate": 35,
                "gbg_reload_speed": 35,
                "gbg_projectile_type": 1,
                "gbg_damage_type": 1,
                "gbg_recoil_strength": 3,
                "gbg_ammo_base": "command_block",
                "gbg_ammo_item_tag": "gbg_sniper_rifle_magazine",
                "gbg_zoom_strength": 10,
                "gun_reload_type": 1,
                "gbg_shoot_sound": "minecraft:sniper_rifle_fire",
                "gbg_reload_sound": "minecraft:sniper_rifle_reload"
            }
        }
    }
}