{
"pools": [
    {
        "rolls": 1,
        "entries": [
            {
                "type": "minecraft:item",
                "name": "minecraft:carrot_on_a_stick",
                "functions": [
                    {
                        "function": "minecraft:set_components",
                        "components": {
                            
                                "minecraft:custom_name": "{\"text\":\"Ray Gun: Pink\",\"color\":\"light_purple\",\"italic\":false}",
                                "minecraft:lore": [
                                    "[{\"keybind\":\"key.use\",\"color\":\"dark_red\",\"italic\":false},{\"text\":\" to shoot\",\"color\":\"red\",\"italic\":false}]"
                                ],
                                "minecraft:custom_model_data": 889017,
                                "minecraft:damage": 0,
                                "minecraft:max_stack_size": 1,
                                "minecraft:custom_data": {
                                    "gbg_is_gun": 1,
                                    "gbg_current_ammo": 0,
                                    "gbg_max_ammo": 0,
                                    "gbg_damage": 2,
                                    "gbg_range": 30,
                                    "gbg_fire_rate": 45,
                                    "gbg_projectile_type": 9,
                                    "gbg_damage_type": 3,
                                    "gbg_recoil_strength": 0,
                                    "gbg_zoom_strength": 1,
                                    "gbg_shoot_sound": "minecraft:ray_gun_fire"
                                }
                            
                        }
                    }
                ]
            }
        ]
    }
]
}