{
    "pools": [
        {
            "rolls": 1,
            "entries": [
                {
                    "type": "minecraft:item",
                    "name": "minecraft:command_block",
                    "functions": [
                        {
                            "function": "minecraft:set_components",
                            "components": {
                                
                                    "minecraft:item_name": "{\"text\":\"Double A Battery\",\"italic\":false,\"color\":\"white\"}",
                                    "minecraft:lore": [
                                        "[{\"text\":\"Used in the \",\"color\":\"gray\"},{\"text\":\"NES Zapper\",\"color\":\"gold\"}]"
                                    ],
                                    "minecraft:custom_model_data": 889023,
                                    "minecraft:custom_data": {
                                        "double_a_battery": 1
                                    }
                                
                            }
                        }
                    ]
                }
            ]
        }
    ]
}